fellowship,edges,positive,negative,density,density_plus,density_minus,attitudinal_cohesiveness_avg,attitudinal_cohesiveness_std,attitudinal_cohesiveness_max,attitudinal_cohesiveness_min
F0,72,70,2,0.23529411764705882,0.22875816993464052,1.0,0.9705882352941176,0.11764705882352942,1.0,0.5
F1,30,30,0,0.125,0.125,0.0,0.9966216216216216,0.040960660989804526,1.0,0.5
F2,30,30,0,0.125,0.125,0.0,0.9901685393258427,0.0668427192937685,1.0,0.5
F3,52,52,0,0.21666666666666667,0.21666666666666667,0.0,0.9834834834834836,0.08651567742275036,1.0,0.5
F4,38,38,0,0.18095238095238095,0.18095238095238095,0.0,0.9931506849315068,0.05811836557697651,1.0,0.5
F5,68,66,2,0.3238095238095238,0.3142857142857143,1.0,0.9546130952380952,0.1372419985927088,1.0,0.5
F6,28,28,0,0.15384615384615385,0.15384615384615385,0.0,0.9925925925925926,0.05779439457158235,1.0,0.5
F7,26,26,0,0.16666666666666666,0.16666666666666666,0.0,0.9856630824372759,0.07978433437115437,1.0,0.5
F8,56,54,2,0.358974358974359,0.34615384615384615,1.0,0.9592911877394638,0.1306172428285487,1.0,0.5
F9,26,26,0,0.16666666666666666,0.16666666666666666,0.0,0.9794685990338166,0.09716782166913371,1.0,0.5
F10,24,24,0,0.15384615384615385,0.15384615384615385,0.0,0.9949748743718593,0.04987294784241007,1.0,0.5
F11,36,36,0,0.2727272727272727,0.2727272727272727,0.0,0.9721393034825869,0.103339273609609,1.0,0.5
F12,46,44,2,0.3484848484848485,0.3333333333333333,1.0,0.9931506849315068,0.058118365576976506,1.0,0.5
F13,24,24,0,0.21818181818181817,0.21818181818181817,0.0,0.9715447154471544,0.11287352338955138,1.0,0.5
F14,32,30,2,0.2909090909090909,0.2727272727272727,1.0,0.9861878453038674,0.08194694460879186,1.0,0.5
F15,24,24,0,0.26666666666666666,0.26666666666666666,0.0,0.9767441860465116,0.10529517602485368,1.0,0.5
F16,20,20,0,0.2222222222222222,0.2222222222222222,0.0,1.0,0.0,1.0,1.0
F17,32,32,0,0.35555555555555557,0.35555555555555557,0.0,0.9969135802469137,0.031926174175273464,1.0,0.6666666666666666
F18,20,20,0,0.2222222222222222,0.2222222222222222,0.0,0.9927007299270073,0.05996962308450725,1.0,0.5
F19,26,26,0,0.28888888888888886,0.28888888888888886,0.0,0.9760416666666666,0.10515675303247686,1.0,0.5
F20,26,26,0,0.28888888888888886,0.28888888888888886,0.0,0.9915254237288136,0.06454045004969414,1.0,0.5
F21,18,18,0,0.2,0.2,0.0,0.9930915371329878,0.05584489193169169,1.0,0.5
F22,18,18,0,0.25,0.25,0.0,0.9846938775510204,0.08613236232721498,1.0,0.5
F23,24,24,0,0.42857142857142855,0.42857142857142855,0.0,1.0,0.0,1.0,1.0
F24,18,18,0,0.32142857142857145,0.32142857142857145,0.0,0.9882005899705015,0.07258675397855033,1.0,0.5
F25,14,14,0,0.25,0.25,0.0,0.9824561403508771,0.09200077615527644,1.0,0.5
F26,18,18,0,0.32142857142857145,0.32142857142857145,0.0,0.9806201550387598,0.0895675969634988,1.0,0.5
F27,22,22,0,0.39285714285714285,0.39285714285714285,0.0,1.0,0.0,1.0,1.0
F28,16,16,0,0.2857142857142857,0.2857142857142857,0.0,1.0,0.0,1.0,1.0
F29,14,14,0,0.25,0.25,0.0,1.0,0.0,1.0,1.0
F30,14,14,0,0.25,0.25,0.0,0.98,0.09213516640723504,1.0,0.5
F31,14,14,0,0.25,0.25,0.0,0.9967948717948718,0.039903524352527996,1.0,0.5
F32,16,16,0,0.38095238095238093,0.38095238095238093,0.0,1.0,0.0,1.0,1.0
F33,12,12,0,0.2857142857142857,0.2857142857142857,0.0,0.9696969696969697,0.11930314960623956,1.0,0.5
F34,16,14,2,0.38095238095238093,0.3333333333333333,1.0,0.9905660377358491,0.06802926934837715,1.0,0.5
F35,14,14,0,0.3333333333333333,0.3333333333333333,0.0,0.9645390070921985,0.11878109379038458,1.0,0.5
F36,16,16,0,0.38095238095238093,0.38095238095238093,0.0,0.9404761904761905,0.14916623912073418,1.0,0.5
F37,14,14,0,0.3333333333333333,0.3333333333333333,0.0,1.0,0.0,1.0,1.0
F38,12,12,0,0.2857142857142857,0.2857142857142857,0.0,0.9985380116959064,0.019061995336849845,1.0,0.75
F39,12,12,0,0.2857142857142857,0.2857142857142857,0.0,0.9929078014184397,0.04810163108599481,1.0,0.6666666666666666
F40,14,14,0,0.3333333333333333,0.3333333333333333,0.0,0.9888888888888889,0.07370277311900889,1.0,0.5
F41,20,20,0,0.47619047619047616,0.47619047619047616,0.0,1.0,0.0,1.0,1.0
F42,12,12,0,0.2857142857142857,0.2857142857142857,0.0,0.9782608695652174,0.10196555999616151,1.0,0.5
F43,12,12,0,0.2857142857142857,0.2857142857142857,0.0,0.9848484848484849,0.08570991287109668,1.0,0.5
F44,12,12,0,0.2857142857142857,0.2857142857142857,0.0,0.9880952380952381,0.0762276694932482,1.0,0.5
F45,12,12,0,0.2857142857142857,0.2857142857142857,0.0,1.0,0.0,1.0,1.0
F46,16,14,2,0.38095238095238093,0.3333333333333333,1.0,1.0,0.0,1.0,1.0
F47,12,12,0,0.2857142857142857,0.2857142857142857,0.0,0.9928571428571429,0.059333027592271964,1.0,0.5
F48,16,16,0,0.38095238095238093,0.38095238095238093,0.0,1.0,0.0,1.0,1.0
F49,12,12,0,0.2857142857142857,0.2857142857142857,0.0,0.9859649122807016,0.07896685919246946,1.0,0.5
F50,14,14,0,0.3333333333333333,0.3333333333333333,0.0,0.9690860215053763,0.11854655839420498,1.0,0.5
F51,12,12,0,0.2857142857142857,0.2857142857142857,0.0,0.9878048780487805,0.07712872341874095,1.0,0.5
F52,12,12,0,0.2857142857142857,0.2857142857142857,0.0,1.0,0.0,1.0,1.0
F53,12,12,0,0.2857142857142857,0.2857142857142857,0.0,0.9850746268656716,0.08508771829098044,1.0,0.5
F54,12,12,0,0.2857142857142857,0.2857142857142857,0.0,0.989247311827957,0.07253084711415077,1.0,0.5
F55,10,10,0,0.3333333333333333,0.3333333333333333,0.0,1.0,0.0,1.0,1.0
F56,10,10,0,0.3333333333333333,0.3333333333333333,0.0,0.9883720930232558,0.07535744998148675,1.0,0.5
F57,10,10,0,0.3333333333333333,0.3333333333333333,0.0,1.0,0.0,1.0,1.0
F58,10,10,0,0.3333333333333333,0.3333333333333333,0.0,0.9655172413793104,0.12669774531637126,1.0,0.5
F59,12,12,0,0.4,0.4,0.0,0.983974358974359,0.08177788988572482,1.0,0.5
F60,10,10,0,0.3333333333333333,0.3333333333333333,0.0,1.0,0.0,1.0,1.0
F61,14,14,0,0.4666666666666667,0.4666666666666667,0.0,1.0,0.0,1.0,1.0
F62,10,10,0,0.3333333333333333,0.3333333333333333,0.0,1.0,0.0,1.0,1.0
F63,16,16,0,0.5333333333333333,0.5333333333333333,0.0,1.0,0.0,1.0,1.0
F64,10,10,0,0.3333333333333333,0.3333333333333333,0.0,1.0,0.0,1.0,1.0
F65,10,10,0,0.3333333333333333,0.3333333333333333,0.0,1.0,0.0,1.0,1.0
F66,10,10,0,0.3333333333333333,0.3333333333333333,0.0,0.975,0.10897247358851686,1.0,0.5
F67,10,10,0,0.3333333333333333,0.3333333333333333,0.0,1.0,0.0,1.0,1.0
F68,10,10,0,0.3333333333333333,0.3333333333333333,0.0,0.9895833333333334,0.07141306875417755,1.0,0.5
F69,12,12,0,0.4,0.4,0.0,1.0,0.0,1.0,1.0
F70,12,12,0,0.4,0.4,0.0,0.9948979591836735,0.05024927449895972,1.0,0.5
F71,18,18,0,0.6,0.6,0.0,0.9705882352941176,0.11292256564164052,1.0,0.5
F72,10,10,0,0.3333333333333333,0.3333333333333333,0.0,0.990909090909091,0.0668042657122685,1.0,0.5
F73,8,8,0,0.4,0.4,0.0,,,,
F74,8,8,0,0.4,0.4,0.0,0.96875,0.12103072956898178,1.0,0.5
F75,8,8,0,0.4,0.4,0.0,1.0,0.0,1.0,1.0
F76,8,8,0,0.4,0.4,0.0,0.9910714285714286,0.06621605792049699,1.0,0.5
F77,8,8,0,0.4,0.4,0.0,0.9791666666666666,0.09991315673568166,1.0,0.5
F78,10,10,0,0.5,0.5,0.0,1.0,0.0,1.0,1.0
F79,8,8,0,0.4,0.4,0.0,1.0,0.0,1.0,1.0
F80,8,8,0,0.4,0.4,0.0,1.0,0.0,1.0,1.0
F81,8,8,0,0.4,0.4,0.0,1.0,0.0,1.0,1.0
F82,12,12,0,0.6,0.6,0.0,1.0,0.0,1.0,1.0
F83,8,8,0,0.4,0.4,0.0,1.0,0.0,1.0,1.0
F84,8,8,0,0.4,0.4,0.0,,,,
F85,8,8,0,0.4,0.4,0.0,0.9696969696969697,0.11930314960623956,1.0,0.5
F86,8,8,0,0.4,0.4,0.0,1.0,0.0,1.0,1.0
F87,8,8,0,0.4,0.4,0.0,0.9775641025641024,0.09261655946666597,1.0,0.5
F88,8,8,0,0.4,0.4,0.0,1.0,0.0,1.0,1.0
F89,10,10,0,0.5,0.5,0.0,0.9855072463768115,0.06797703999744104,1.0,0.6666666666666666
F90,8,8,0,0.4,0.4,0.0,0.9873417721518988,0.07854223826576491,1.0,0.5
F91,12,12,0,0.6,0.6,0.0,0.9814814814814815,0.09442628728875527,1.0,0.5
F92,8,8,0,0.4,0.4,0.0,1.0,0.0,1.0,1.0
F93,8,8,0,0.4,0.4,0.0,1.0,0.0,1.0,1.0
F94,8,8,0,0.4,0.4,0.0,1.0,0.0,1.0,1.0
F95,10,10,0,0.5,0.5,0.0,0.9642857142857143,0.12876968840942818,1.0,0.5
F96,8,8,0,0.4,0.4,0.0,0.9791666666666666,0.09991315673568166,1.0,0.5
F97,8,8,0,0.4,0.4,0.0,0.9857142857142858,0.0832993127835043,1.0,0.5
F98,8,8,0,0.4,0.4,0.0,0.9913793103448276,0.06508477961440301,1.0,0.5
F99,8,8,0,0.4,0.4,0.0,1.0,0.0,1.0,1.0
F100,8,8,0,0.4,0.4,0.0,1.0,0.0,1.0,1.0
F101,8,8,0,0.4,0.4,0.0,1.0,0.0,1.0,1.0
F102,8,8,0,0.4,0.4,0.0,0.9864864864864865,0.08108108108108107,1.0,0.5
F103,8,8,0,0.4,0.4,0.0,1.0,0.0,1.0,1.0
F104,8,8,0,0.4,0.4,0.0,1.0,0.0,1.0,1.0
F105,8,8,0,0.4,0.4,0.0,1.0,0.0,1.0,1.0
F106,6,6,0,0.5,0.5,0.0,0.9857142857142858,0.0832993127835043,1.0,0.5
F107,6,6,0,0.5,0.5,0.0,1.0,0.0,1.0,1.0
F108,6,6,0,0.5,0.5,0.0,1.0,0.0,1.0,1.0
F109,6,6,0,0.5,0.5,0.0,1.0,0.0,1.0,1.0
F110,8,8,0,0.6666666666666666,0.6666666666666666,0.0,1.0,0.0,1.0,1.0
F111,6,6,0,0.5,0.5,0.0,1.0,0.0,1.0,1.0
F112,6,6,0,0.5,0.5,0.0,1.0,0.0,1.0,1.0
F113,6,6,0,0.5,0.5,0.0,1.0,0.0,1.0,1.0
F114,8,8,0,0.6666666666666666,0.6666666666666666,0.0,1.0,0.0,1.0,1.0
F115,8,8,0,0.6666666666666666,0.6666666666666666,0.0,1.0,0.0,1.0,1.0
F116,6,6,0,0.5,0.5,0.0,1.0,0.0,1.0,1.0
F117,6,6,0,0.5,0.5,0.0,1.0,0.0,1.0,1.0
F118,6,6,0,0.5,0.5,0.0,0.9886363636363636,0.07451634686706819,1.0,0.5
F119,6,6,0,0.5,0.5,0.0,1.0,0.0,1.0,1.0
F120,6,6,0,0.5,0.5,0.0,1.0,0.0,1.0,1.0
F121,6,6,0,0.5,0.5,0.0,0.9883720930232558,0.07535744998148676,1.0,0.5
F122,8,8,0,0.6666666666666666,0.6666666666666666,0.0,0.9827586206896551,0.09123280382981348,1.0,0.5
F123,6,6,0,0.5,0.5,0.0,0.9848484848484849,0.08570991287109668,1.0,0.5
F124,6,6,0,0.5,0.5,0.0,0.9761904761904762,0.10647942749999,1.0,0.5
F125,6,6,0,0.5,0.5,0.0,0.9963768115942028,0.034563014544092226,1.0,0.6666666666666666
F126,6,6,0,0.5,0.5,0.0,0.9814814814814815,0.09442628728875527,1.0,0.5
F127,6,6,0,0.5,0.5,0.0,1.0,0.0,1.0,1.0
F128,6,6,0,0.5,0.5,0.0,1.0,0.0,1.0,1.0
F129,6,6,0,0.5,0.5,0.0,1.0,0.0,1.0,1.0
F130,4,4,0,0.6666666666666666,0.6666666666666666,0.0,1.0,0.0,1.0,1.0
F131,4,4,0,0.6666666666666666,0.6666666666666666,0.0,1.0,0.0,1.0,1.0
F132,4,4,0,0.6666666666666666,0.6666666666666666,0.0,1.0,0.0,1.0,1.0
F133,4,4,0,0.6666666666666666,0.6666666666666666,0.0,1.0,0.0,1.0,1.0
F134,4,4,0,0.6666666666666666,0.6666666666666666,0.0,0.9714285714285714,0.11605769149479946,1.0,0.5
F135,4,4,0,0.6666666666666666,0.6666666666666666,0.0,0.9791666666666666,0.09991315673568166,1.0,0.5
F136,4,4,0,0.6666666666666666,0.6666666666666666,0.0,1.0,0.0,1.0,1.0
F137,4,4,0,0.6666666666666666,0.6666666666666666,0.0,1.0,0.0,1.0,1.0
F138,4,4,0,0.6666666666666666,0.6666666666666666,0.0,1.0,0.0,1.0,1.0
F139,4,4,0,0.6666666666666666,0.6666666666666666,0.0,0.9821428571428571,0.0927884361197613,1.0,0.5
F140,4,4,0,0.6666666666666666,0.6666666666666666,0.0,1.0,0.0,1.0,1.0
F141,4,4,0,0.6666666666666666,0.6666666666666666,0.0,1.0,0.0,1.0,1.0
F142,4,4,0,0.6666666666666666,0.6666666666666666,0.0,1.0,0.0,1.0,1.0
F143,4,4,0,0.6666666666666666,0.6666666666666666,0.0,1.0,0.0,1.0,1.0
F144,4,4,0,0.6666666666666666,0.6666666666666666,0.0,1.0,0.0,1.0,1.0
F145,4,4,0,0.6666666666666666,0.6666666666666666,0.0,1.0,0.0,1.0,1.0
F146,4,4,0,0.6666666666666666,0.6666666666666666,0.0,1.0,0.0,1.0,1.0
F147,4,4,0,0.6666666666666666,0.6666666666666666,0.0,1.0,0.0,1.0,1.0
F148,4,4,0,0.6666666666666666,0.6666666666666666,0.0,1.0,0.0,1.0,1.0
F149,4,4,0,0.6666666666666666,0.6666666666666666,0.0,0.9761904761904762,0.10647942749999,1.0,0.5
F150,4,4,0,0.6666666666666666,0.6666666666666666,0.0,1.0,0.0,1.0,1.0
F151,4,4,0,0.6666666666666666,0.6666666666666666,0.0,1.0,0.0,1.0,1.0
F152,6,6,0,1.0,1.0,0.0,1.0,0.0,1.0,1.0
F153,4,4,0,0.6666666666666666,0.6666666666666666,0.0,1.0,0.0,1.0,1.0
F154,4,4,0,0.6666666666666666,0.6666666666666666,0.0,,,,
F155,4,4,0,0.6666666666666666,0.6666666666666666,0.0,1.0,0.0,1.0,1.0
F156,4,4,0,0.6666666666666666,0.6666666666666666,0.0,1.0,0.0,1.0,1.0
F157,4,4,0,0.6666666666666666,0.6666666666666666,0.0,,,,
F158,4,4,0,0.6666666666666666,0.6666666666666666,0.0,,,,
F159,4,4,0,0.6666666666666666,0.6666666666666666,0.0,,,,
F160,4,4,0,0.6666666666666666,0.6666666666666666,0.0,1.0,0.0,1.0,1.0
F161,4,4,0,0.6666666666666666,0.6666666666666666,0.0,1.0,0.0,1.0,1.0
F162,4,4,0,0.6666666666666666,0.6666666666666666,0.0,,,,
F163,4,4,0,0.6666666666666666,0.6666666666666666,0.0,1.0,0.0,1.0,1.0
F164,4,4,0,0.6666666666666666,0.6666666666666666,0.0,,,,
F165,4,4,0,0.6666666666666666,0.6666666666666666,0.0,1.0,0.0,1.0,1.0
F166,4,4,0,0.6666666666666666,0.6666666666666666,0.0,1.0,0.0,1.0,1.0
F167,4,4,0,0.6666666666666666,0.6666666666666666,0.0,1.0,0.0,1.0,1.0
F168,4,4,0,0.6666666666666666,0.6666666666666666,0.0,1.0,0.0,1.0,1.0
F169,4,4,0,0.6666666666666666,0.6666666666666666,0.0,1.0,0.0,1.0,1.0
F170,4,4,0,0.6666666666666666,0.6666666666666666,0.0,1.0,0.0,1.0,1.0
F171,4,4,0,0.6666666666666666,0.6666666666666666,0.0,0.9886363636363636,0.07451634686706819,1.0,0.5
F172,4,4,0,0.6666666666666666,0.6666666666666666,0.0,1.0,0.0,1.0,1.0
F173,4,4,0,0.6666666666666666,0.6666666666666666,0.0,1.0,0.0,1.0,1.0
F174,4,4,0,0.6666666666666666,0.6666666666666666,0.0,0.9423076923076923,0.15974276659457837,1.0,0.5
F175,4,4,0,0.6666666666666666,0.6666666666666666,0.0,1.0,0.0,1.0,1.0
F176,4,4,0,0.6666666666666666,0.6666666666666666,0.0,0.9939759036144579,0.05455051288034588,1.0,0.5
F177,4,4,0,0.6666666666666666,0.6666666666666666,0.0,1.0,0.0,1.0,1.0
F178,4,4,0,0.6666666666666666,0.6666666666666666,0.0,0.9772727272727273,0.10414944761263274,1.0,0.5
F179,4,4,0,0.6666666666666666,0.6666666666666666,0.0,0.9878048780487805,0.07712872341874095,1.0,0.5
F180,4,4,0,0.6666666666666666,0.6666666666666666,0.0,1.0,0.0,1.0,1.0
F181,4,4,0,0.6666666666666666,0.6666666666666666,0.0,1.0,0.0,1.0,1.0
F182,4,4,0,0.6666666666666666,0.6666666666666666,0.0,1.0,0.0,1.0,1.0
F183,4,4,0,0.6666666666666666,0.6666666666666666,0.0,1.0,0.0,1.0,1.0
F184,4,4,0,0.6666666666666666,0.6666666666666666,0.0,0.9924242424242424,0.06107771021438294,1.0,0.5
F185,4,4,0,0.6666666666666666,0.6666666666666666,0.0,0.988095238095238,0.06185895741317418,1.0,0.6666666666666666
F186,4,4,0,0.6666666666666666,0.6666666666666666,0.0,1.0,0.0,1.0,1.0
F187,4,4,0,0.6666666666666666,0.6666666666666666,0.0,1.0,0.0,1.0,1.0
F188,2,2,0,1.0,1.0,0.0,,,,
F189,2,2,0,1.0,1.0,0.0,1.0,0.0,1.0,1.0
F190,2,2,0,1.0,1.0,0.0,1.0,0.0,1.0,1.0
F191,2,2,0,1.0,1.0,0.0,1.0,0.0,1.0,1.0
F192,2,2,0,1.0,1.0,0.0,,,,
F193,2,2,0,1.0,1.0,0.0,1.0,0.0,1.0,1.0
F194,2,2,0,1.0,1.0,0.0,1.0,0.0,1.0,1.0
F195,2,2,0,1.0,1.0,0.0,,,,
F196,2,2,0,1.0,1.0,0.0,1.0,0.0,1.0,1.0
F197,2,2,0,1.0,1.0,0.0,1.0,0.0,1.0,1.0
F198,2,2,0,1.0,1.0,0.0,1.0,0.0,1.0,1.0
F199,2,2,0,1.0,1.0,0.0,1.0,0.0,1.0,1.0
F200,2,2,0,1.0,1.0,0.0,,,,
F201,2,2,0,1.0,1.0,0.0,1.0,0.0,1.0,1.0
F202,2,2,0,1.0,1.0,0.0,,,,
F203,2,2,0,1.0,1.0,0.0,1.0,0.0,1.0,1.0
F204,2,2,0,1.0,1.0,0.0,1.0,0.0,1.0,1.0
F205,2,2,0,1.0,1.0,0.0,1.0,0.0,1.0,1.0
F206,2,2,0,1.0,1.0,0.0,1.0,0.0,1.0,1.0
F207,2,2,0,1.0,1.0,0.0,1.0,0.0,1.0,1.0
F208,2,2,0,1.0,1.0,0.0,,,,
F209,2,2,0,1.0,1.0,0.0,1.0,0.0,1.0,1.0
F210,2,2,0,1.0,1.0,0.0,1.0,0.0,1.0,1.0
F211,2,2,0,1.0,1.0,0.0,1.0,0.0,1.0,1.0
F212,2,2,0,1.0,1.0,0.0,,,,
F213,2,2,0,1.0,1.0,0.0,1.0,0.0,1.0,1.0
F214,2,2,0,1.0,1.0,0.0,1.0,0.0,1.0,1.0
F215,2,2,0,1.0,1.0,0.0,,,,
F216,2,2,0,1.0,1.0,0.0,1.0,0.0,1.0,1.0
F217,2,2,0,1.0,1.0,0.0,1.0,0.0,1.0,1.0
F218,2,2,0,1.0,1.0,0.0,1.0,0.0,1.0,1.0
F219,2,2,0,1.0,1.0,0.0,1.0,0.0,1.0,1.0
F220,2,2,0,1.0,1.0,0.0,,,,
F221,2,2,0,1.0,1.0,0.0,1.0,0.0,1.0,1.0
F222,2,2,0,1.0,1.0,0.0,1.0,0.0,1.0,1.0
F223,2,2,0,1.0,1.0,0.0,1.0,0.0,1.0,1.0
F224,2,2,0,1.0,1.0,0.0,1.0,0.0,1.0,1.0
F225,2,2,0,1.0,1.0,0.0,1.0,0.0,1.0,1.0
F226,2,2,0,1.0,1.0,0.0,1.0,0.0,1.0,1.0
F227,2,2,0,1.0,1.0,0.0,1.0,0.0,1.0,1.0
F228,2,2,0,1.0,1.0,0.0,1.0,0.0,1.0,1.0
F229,2,2,0,1.0,1.0,0.0,1.0,0.0,1.0,1.0
F230,2,2,0,1.0,1.0,0.0,1.0,0.0,1.0,1.0
F231,2,2,0,1.0,1.0,0.0,,,,
F232,2,2,0,1.0,1.0,0.0,1.0,0.0,1.0,1.0
F233,2,2,0,1.0,1.0,0.0,,,,
F234,2,2,0,1.0,1.0,0.0,1.0,0.0,1.0,1.0
F235,2,2,0,1.0,1.0,0.0,1.0,0.0,1.0,1.0
F236,2,2,0,1.0,1.0,0.0,1.0,0.0,1.0,1.0
F237,2,2,0,1.0,1.0,0.0,,,,
F238,2,2,0,1.0,1.0,0.0,1.0,0.0,1.0,1.0
F239,2,2,0,1.0,1.0,0.0,1.0,0.0,1.0,1.0
F240,2,2,0,1.0,1.0,0.0,1.0,0.0,1.0,1.0
F241,2,2,0,1.0,1.0,0.0,1.0,0.0,1.0,1.0
F242,2,2,0,1.0,1.0,0.0,1.0,0.0,1.0,1.0
F243,2,2,0,1.0,1.0,0.0,1.0,0.0,1.0,1.0
F244,2,2,0,1.0,1.0,0.0,1.0,0.0,1.0,1.0
F245,2,2,0,1.0,1.0,0.0,1.0,0.0,1.0,1.0
F246,2,2,0,1.0,1.0,0.0,,,,
F247,2,2,0,1.0,1.0,0.0,1.0,0.0,1.0,1.0
F248,2,2,0,1.0,1.0,0.0,1.0,0.0,1.0,1.0
F249,2,2,0,1.0,1.0,0.0,,,,
F250,2,2,0,1.0,1.0,0.0,,,,
F251,2,2,0,1.0,1.0,0.0,,,,
F252,2,2,0,1.0,1.0,0.0,0.9285714285714286,0.17496355305594133,1.0,0.5
F253,2,2,0,1.0,1.0,0.0,1.0,0.0,1.0,1.0
F254,2,2,0,1.0,1.0,0.0,1.0,0.0,1.0,1.0
F255,2,2,0,1.0,1.0,0.0,,,,
F256,2,2,0,1.0,1.0,0.0,1.0,0.0,1.0,1.0
F257,2,2,0,1.0,1.0,0.0,,,,
F258,2,2,0,1.0,1.0,0.0,1.0,0.0,1.0,1.0
F259,2,2,0,1.0,1.0,0.0,,,,
F260,2,2,0,1.0,1.0,0.0,1.0,0.0,1.0,1.0
F261,2,2,0,1.0,1.0,0.0,1.0,0.0,1.0,1.0
F262,2,2,0,1.0,1.0,0.0,1.0,0.0,1.0,1.0
F263,2,2,0,1.0,1.0,0.0,1.0,0.0,1.0,1.0
F264,2,2,0,1.0,1.0,0.0,1.0,0.0,1.0,1.0
F265,2,2,0,1.0,1.0,0.0,,,,
F266,2,2,0,1.0,1.0,0.0,1.0,0.0,1.0,1.0
F267,2,2,0,1.0,1.0,0.0,1.0,0.0,1.0,1.0
F268,2,2,0,1.0,1.0,0.0,,,,
F269,2,2,0,1.0,1.0,0.0,1.0,0.0,1.0,1.0
F270,2,2,0,1.0,1.0,0.0,1.0,0.0,1.0,1.0
F271,2,2,0,1.0,1.0,0.0,1.0,0.0,1.0,1.0
F272,2,2,0,1.0,1.0,0.0,,,,
F273,2,2,0,1.0,1.0,0.0,1.0,0.0,1.0,1.0
F274,2,2,0,1.0,1.0,0.0,1.0,0.0,1.0,1.0
F275,2,2,0,1.0,1.0,0.0,,,,
F276,2,2,0,1.0,1.0,0.0,1.0,0.0,1.0,1.0
F277,2,2,0,1.0,1.0,0.0,1.0,0.0,1.0,1.0
F278,2,2,0,1.0,1.0,0.0,,,,
F279,2,2,0,1.0,1.0,0.0,1.0,0.0,1.0,1.0
F280,2,2,0,1.0,1.0,0.0,1.0,0.0,1.0,1.0
F281,2,2,0,1.0,1.0,0.0,1.0,0.0,1.0,1.0
F282,2,2,0,1.0,1.0,0.0,1.0,0.0,1.0,1.0
F283,2,2,0,1.0,1.0,0.0,1.0,0.0,1.0,1.0
F284,2,2,0,1.0,1.0,0.0,1.0,0.0,1.0,1.0
F285,2,2,0,1.0,1.0,0.0,1.0,0.0,1.0,1.0
F286,2,2,0,1.0,1.0,0.0,1.0,0.0,1.0,1.0
F287,2,2,0,1.0,1.0,0.0,,,,
F288,2,2,0,1.0,1.0,0.0,1.0,0.0,1.0,1.0
F289,2,2,0,1.0,1.0,0.0,,,,
F290,2,2,0,1.0,1.0,0.0,1.0,0.0,1.0,1.0
F291,2,2,0,1.0,1.0,0.0,1.0,0.0,1.0,1.0
F292,2,2,0,1.0,1.0,0.0,,,,
F293,2,2,0,1.0,1.0,0.0,,,,
F294,2,2,0,1.0,1.0,0.0,1.0,0.0,1.0,1.0
F295,2,2,0,1.0,1.0,0.0,1.0,0.0,1.0,1.0
F296,2,2,0,1.0,1.0,0.0,1.0,0.0,1.0,1.0
F297,2,2,0,1.0,1.0,0.0,1.0,0.0,1.0,1.0
F298,2,2,0,1.0,1.0,0.0,1.0,0.0,1.0,1.0
F299,2,2,0,1.0,1.0,0.0,,,,
F300,2,2,0,1.0,1.0,0.0,1.0,0.0,1.0,1.0
F301,2,2,0,1.0,1.0,0.0,1.0,0.0,1.0,1.0
F302,2,2,0,1.0,1.0,0.0,,,,
F303,2,2,0,1.0,1.0,0.0,1.0,0.0,1.0,1.0
F304,2,2,0,1.0,1.0,0.0,,,,
F305,2,2,0,1.0,1.0,0.0,1.0,0.0,1.0,1.0
F306,2,2,0,1.0,1.0,0.0,1.0,0.0,1.0,1.0
F307,2,2,0,1.0,1.0,0.0,1.0,0.0,1.0,1.0
F308,2,2,0,1.0,1.0,0.0,,,,
F309,2,2,0,1.0,1.0,0.0,1.0,0.0,1.0,1.0
F310,2,2,0,1.0,1.0,0.0,1.0,0.0,1.0,1.0
F311,2,2,0,1.0,1.0,0.0,1.0,0.0,1.0,1.0
F312,2,2,0,1.0,1.0,0.0,,,,
F313,2,2,0,1.0,1.0,0.0,,,,
F314,2,2,0,1.0,1.0,0.0,1.0,0.0,1.0,1.0
F315,2,2,0,1.0,1.0,0.0,,,,
F316,2,2,0,1.0,1.0,0.0,1.0,0.0,1.0,1.0
F317,2,2,0,1.0,1.0,0.0,,,,
F318,2,2,0,1.0,1.0,0.0,1.0,0.0,1.0,1.0
F319,2,2,0,1.0,1.0,0.0,1.0,0.0,1.0,1.0
F320,2,2,0,1.0,1.0,0.0,,,,
F321,2,2,0,1.0,1.0,0.0,1.0,0.0,1.0,1.0
F322,2,2,0,1.0,1.0,0.0,,,,
F323,2,2,0,1.0,1.0,0.0,1.0,0.0,1.0,1.0
F324,2,2,0,1.0,1.0,0.0,,,,
F325,2,2,0,1.0,1.0,0.0,1.0,0.0,1.0,1.0
F326,2,2,0,1.0,1.0,0.0,0.8333333333333334,0.23570226039551584,1.0,0.5
F327,2,2,0,1.0,1.0,0.0,1.0,0.0,1.0,1.0
F328,2,2,0,1.0,1.0,0.0,1.0,0.0,1.0,1.0
F329,2,2,0,1.0,1.0,0.0,1.0,0.0,1.0,1.0
F330,2,2,0,1.0,1.0,0.0,1.0,0.0,1.0,1.0
F331,2,2,0,1.0,1.0,0.0,1.0,0.0,1.0,1.0
F332,2,2,0,1.0,1.0,0.0,,,,
F333,2,2,0,1.0,1.0,0.0,,,,
F334,2,2,0,1.0,1.0,0.0,1.0,0.0,1.0,1.0
F335,2,2,0,1.0,1.0,0.0,1.0,0.0,1.0,1.0
F336,2,2,0,1.0,1.0,0.0,1.0,0.0,1.0,1.0
F337,2,2,0,1.0,1.0,0.0,1.0,0.0,1.0,1.0
F338,2,2,0,1.0,1.0,0.0,1.0,0.0,1.0,1.0
F339,2,2,0,1.0,1.0,0.0,1.0,0.0,1.0,1.0
F340,2,2,0,1.0,1.0,0.0,1.0,0.0,1.0,1.0
F341,2,2,0,1.0,1.0,0.0,1.0,0.0,1.0,1.0
F342,2,2,0,1.0,1.0,0.0,1.0,0.0,1.0,1.0
F343,2,2,0,1.0,1.0,0.0,1.0,0.0,1.0,1.0
F344,2,2,0,1.0,1.0,0.0,,,,
F345,2,2,0,1.0,1.0,0.0,,,,
F346,2,2,0,1.0,1.0,0.0,1.0,0.0,1.0,1.0
F347,2,2,0,1.0,1.0,0.0,1.0,0.0,1.0,1.0
F348,2,2,0,1.0,1.0,0.0,1.0,0.0,1.0,1.0
F349,2,2,0,1.0,1.0,0.0,1.0,0.0,1.0,1.0
F350,2,2,0,1.0,1.0,0.0,1.0,0.0,1.0,1.0
F351,2,2,0,1.0,1.0,0.0,,,,
F352,2,2,0,1.0,1.0,0.0,1.0,0.0,1.0,1.0
F353,2,2,0,1.0,1.0,0.0,1.0,0.0,1.0,1.0
F354,2,2,0,1.0,1.0,0.0,1.0,0.0,1.0,1.0
F355,2,2,0,1.0,1.0,0.0,0.993421052631579,0.05697535551213413,1.0,0.5
F356,2,2,0,1.0,1.0,0.0,1.0,0.0,1.0,1.0
F357,2,2,0,1.0,1.0,0.0,1.0,0.0,1.0,1.0
F358,2,2,0,1.0,1.0,0.0,,,,
F359,2,2,0,1.0,1.0,0.0,1.0,0.0,1.0,1.0
F360,2,2,0,1.0,1.0,0.0,1.0,0.0,1.0,1.0
F361,2,2,0,1.0,1.0,0.0,0.99375,0.055551215108222425,1.0,0.5
F362,2,2,0,1.0,1.0,0.0,1.0,0.0,1.0,1.0
F363,2,2,0,1.0,1.0,0.0,1.0,0.0,1.0,1.0
F364,2,2,0,1.0,1.0,0.0,0.9807692307692307,0.09615384615384615,1.0,0.5
F365,0,0,0,0.0,0.0,0.0,1.0,0.0,1.0,1.0
F366,0,0,0,0.0,0.0,0.0,,,,
F367,0,0,0,0.0,0.0,0.0,,,,
F368,0,0,0,0.0,0.0,0.0,,,,
F369,0,0,0,0.0,0.0,0.0,1.0,0.0,1.0,1.0
F370,0,0,0,0.0,0.0,0.0,,,,
F371,0,0,0,0.0,0.0,0.0,1.0,0.0,1.0,1.0
F372,0,0,0,0.0,0.0,0.0,1.0,0.0,1.0,1.0
F373,0,0,0,0.0,0.0,0.0,1.0,0.0,1.0,1.0
F374,0,0,0,0.0,0.0,0.0,,,,
F375,0,0,0,0.0,0.0,0.0,1.0,0.0,1.0,1.0
F376,0,0,0,0.0,0.0,0.0,1.0,0.0,1.0,1.0
F377,0,0,0,0.0,0.0,0.0,,,,
F378,0,0,0,0.0,0.0,0.0,1.0,0.0,1.0,1.0
F379,0,0,0,0.0,0.0,0.0,1.0,0.0,1.0,1.0
F380,0,0,0,0.0,0.0,0.0,1.0,0.0,1.0,1.0
F381,0,0,0,0.0,0.0,0.0,,,,
F382,0,0,0,0.0,0.0,0.0,,,,
F383,0,0,0,0.0,0.0,0.0,1.0,0.0,1.0,1.0
F384,0,0,0,0.0,0.0,0.0,1.0,0.0,1.0,1.0
F385,0,0,0,0.0,0.0,0.0,1.0,0.0,1.0,1.0
F386,0,0,0,0.0,0.0,0.0,1.0,0.0,1.0,1.0
F387,0,0,0,0.0,0.0,0.0,1.0,0.0,1.0,1.0
F388,0,0,0,0.0,0.0,0.0,1.0,0.0,1.0,1.0
F389,0,0,0,0.0,0.0,0.0,1.0,0.0,1.0,1.0
F390,0,0,0,0.0,0.0,0.0,1.0,0.0,1.0,1.0
F391,0,0,0,0.0,0.0,0.0,,,,
F392,0,0,0,0.0,0.0,0.0,1.0,0.0,1.0,1.0
F393,0,0,0,0.0,0.0,0.0,1.0,0.0,1.0,1.0
F394,0,0,0,0.0,0.0,0.0,1.0,0.0,1.0,1.0
F395,0,0,0,0.0,0.0,0.0,1.0,0.0,1.0,1.0
F396,0,0,0,0.0,0.0,0.0,1.0,0.0,1.0,1.0
F397,0,0,0,0.0,0.0,0.0,1.0,0.0,1.0,1.0
F398,0,0,0,0.0,0.0,0.0,1.0,0.0,1.0,1.0
F399,0,0,0,0.0,0.0,0.0,1.0,0.0,1.0,1.0
F400,0,0,0,0.0,0.0,0.0,,,,
F401,0,0,0,0.0,0.0,0.0,1.0,0.0,1.0,1.0
F402,0,0,0,0.0,0.0,0.0,1.0,0.0,1.0,1.0
F403,0,0,0,0.0,0.0,0.0,1.0,0.0,1.0,1.0
F404,0,0,0,0.0,0.0,0.0,1.0,0.0,1.0,1.0
F405,0,0,0,0.0,0.0,0.0,,,,
F406,0,0,0,0.0,0.0,0.0,1.0,0.0,1.0,1.0
F407,0,0,0,0.0,0.0,0.0,1.0,0.0,1.0,1.0
F408,0,0,0,0.0,0.0,0.0,1.0,0.0,1.0,1.0
F409,0,0,0,0.0,0.0,0.0,1.0,0.0,1.0,1.0
F410,0,0,0,0.0,0.0,0.0,1.0,0.0,1.0,1.0
F411,0,0,0,0.0,0.0,0.0,1.0,0.0,1.0,1.0
F412,0,0,0,0.0,0.0,0.0,,,,
F413,0,0,0,0.0,0.0,0.0,1.0,0.0,1.0,1.0
F414,0,0,0,0.0,0.0,0.0,1.0,0.0,1.0,1.0
F415,0,0,0,0.0,0.0,0.0,1.0,0.0,1.0,1.0
F416,0,0,0,0.0,0.0,0.0,1.0,0.0,1.0,1.0
F417,0,0,0,0.0,0.0,0.0,1.0,0.0,1.0,1.0
F418,0,0,0,0.0,0.0,0.0,1.0,0.0,1.0,1.0
F419,0,0,0,0.0,0.0,0.0,1.0,0.0,1.0,1.0
F420,0,0,0,0.0,0.0,0.0,1.0,0.0,1.0,1.0
F421,0,0,0,0.0,0.0,0.0,1.0,0.0,1.0,1.0
F422,0,0,0,0.0,0.0,0.0,1.0,0.0,1.0,1.0
F423,0,0,0,0.0,0.0,0.0,,,,
F424,0,0,0,0.0,0.0,0.0,1.0,0.0,1.0,1.0
F425,0,0,0,0.0,0.0,0.0,1.0,0.0,1.0,1.0
F426,0,0,0,0.0,0.0,0.0,1.0,0.0,1.0,1.0
F427,0,0,0,0.0,0.0,0.0,1.0,0.0,1.0,1.0
F428,0,0,0,0.0,0.0,0.0,,,,
F429,0,0,0,0.0,0.0,0.0,1.0,0.0,1.0,1.0
F430,0,0,0,0.0,0.0,0.0,1.0,0.0,1.0,1.0
F431,0,0,0,0.0,0.0,0.0,,,,
F432,0,0,0,0.0,0.0,0.0,1.0,0.0,1.0,1.0
F433,0,0,0,0.0,0.0,0.0,1.0,0.0,1.0,1.0
F434,0,0,0,0.0,0.0,0.0,1.0,0.0,1.0,1.0
F435,0,0,0,0.0,0.0,0.0,1.0,0.0,1.0,1.0
F436,0,0,0,0.0,0.0,0.0,1.0,0.0,1.0,1.0
F437,0,0,0,0.0,0.0,0.0,1.0,0.0,1.0,1.0
F438,0,0,0,0.0,0.0,0.0,1.0,0.0,1.0,1.0
F439,0,0,0,0.0,0.0,0.0,1.0,0.0,1.0,1.0
F440,0,0,0,0.0,0.0,0.0,1.0,0.0,1.0,1.0
F441,0,0,0,0.0,0.0,0.0,,,,
F442,0,0,0,0.0,0.0,0.0,1.0,0.0,1.0,1.0
F443,0,0,0,0.0,0.0,0.0,1.0,0.0,1.0,1.0
F444,0,0,0,0.0,0.0,0.0,1.0,0.0,1.0,1.0
F445,0,0,0,0.0,0.0,0.0,1.0,0.0,1.0,1.0
F446,0,0,0,0.0,0.0,0.0,1.0,0.0,1.0,1.0
F447,0,0,0,0.0,0.0,0.0,1.0,0.0,1.0,1.0
F448,0,0,0,0.0,0.0,0.0,1.0,0.0,1.0,1.0
F449,0,0,0,0.0,0.0,0.0,1.0,0.0,1.0,1.0
F450,0,0,0,0.0,0.0,0.0,1.0,0.0,1.0,1.0
F451,0,0,0,0.0,0.0,0.0,1.0,0.0,1.0,1.0
F452,0,0,0,0.0,0.0,0.0,1.0,0.0,1.0,1.0
F453,0,0,0,0.0,0.0,0.0,1.0,0.0,1.0,1.0
F454,0,0,0,0.0,0.0,0.0,1.0,0.0,1.0,1.0
F455,0,0,0,0.0,0.0,0.0,,,,
F456,0,0,0,0.0,0.0,0.0,,,,
F457,0,0,0,0.0,0.0,0.0,,,,
F458,0,0,0,0.0,0.0,0.0,1.0,0.0,1.0,1.0
F459,0,0,0,0.0,0.0,0.0,,,,
F460,0,0,0,0.0,0.0,0.0,,,,
F461,0,0,0,0.0,0.0,0.0,1.0,0.0,1.0,1.0
F462,0,0,0,0.0,0.0,0.0,,,,
F463,0,0,0,0.0,0.0,0.0,1.0,0.0,1.0,1.0
F464,0,0,0,0.0,0.0,0.0,1.0,0.0,1.0,1.0
F465,0,0,0,0.0,0.0,0.0,1.0,0.0,1.0,1.0
F466,0,0,0,0.0,0.0,0.0,1.0,0.0,1.0,1.0
F467,0,0,0,0.0,0.0,0.0,1.0,0.0,1.0,1.0
F468,0,0,0,0.0,0.0,0.0,1.0,0.0,1.0,1.0
F469,0,0,0,0.0,0.0,0.0,1.0,0.0,1.0,1.0
F470,0,0,0,0.0,0.0,0.0,1.0,0.0,1.0,1.0
F471,0,0,0,0.0,0.0,0.0,,,,
F472,0,0,0,0.0,0.0,0.0,1.0,0.0,1.0,1.0
F473,0,0,0,0.0,0.0,0.0,1.0,0.0,1.0,1.0
F474,0,0,0,0.0,0.0,0.0,1.0,0.0,1.0,1.0
F475,0,0,0,0.0,0.0,0.0,1.0,0.0,1.0,1.0
F476,0,0,0,0.0,0.0,0.0,1.0,0.0,1.0,1.0
F477,0,0,0,0.0,0.0,0.0,,,,
F478,0,0,0,0.0,0.0,0.0,1.0,0.0,1.0,1.0
F479,0,0,0,0.0,0.0,0.0,1.0,0.0,1.0,1.0
F480,0,0,0,0.0,0.0,0.0,,,,
F481,0,0,0,0.0,0.0,0.0,1.0,0.0,1.0,1.0
F482,0,0,0,0.0,0.0,0.0,1.0,0.0,1.0,1.0
F483,0,0,0,0.0,0.0,0.0,,,,
F484,0,0,0,0.0,0.0,0.0,,,,
F485,0,0,0,0.0,0.0,0.0,,,,
F486,0,0,0,0.0,0.0,0.0,1.0,0.0,1.0,1.0
F487,0,0,0,0.0,0.0,0.0,1.0,0.0,1.0,1.0
F488,0,0,0,0.0,0.0,0.0,1.0,0.0,1.0,1.0
F489,0,0,0,0.0,0.0,0.0,1.0,0.0,1.0,1.0
F490,0,0,0,0.0,0.0,0.0,,,,
F491,0,0,0,0.0,0.0,0.0,1.0,0.0,1.0,1.0
F492,0,0,0,0.0,0.0,0.0,1.0,0.0,1.0,1.0
F493,0,0,0,0.0,0.0,0.0,1.0,0.0,1.0,1.0
F494,0,0,0,0.0,0.0,0.0,1.0,0.0,1.0,1.0
F495,0,0,0,0.0,0.0,0.0,1.0,0.0,1.0,1.0
F496,0,0,0,0.0,0.0,0.0,,,,
F497,0,0,0,0.0,0.0,0.0,,,,
F498,0,0,0,0.0,0.0,0.0,,,,
F499,0,0,0,0.0,0.0,0.0,,,,
F500,0,0,0,0.0,0.0,0.0,1.0,0.0,1.0,1.0
F501,0,0,0,0.0,0.0,0.0,,,,
F502,0,0,0,0.0,0.0,0.0,,,,
F503,0,0,0,0.0,0.0,0.0,,,,
F504,0,0,0,0.0,0.0,0.0,1.0,0.0,1.0,1.0
F505,0,0,0,0.0,0.0,0.0,1.0,0.0,1.0,1.0
F506,0,0,0,0.0,0.0,0.0,,,,
F507,0,0,0,0.0,0.0,0.0,1.0,0.0,1.0,1.0
F508,0,0,0,0.0,0.0,0.0,1.0,0.0,1.0,1.0
F509,0,0,0,0.0,0.0,0.0,1.0,0.0,1.0,1.0
F510,0,0,0,0.0,0.0,0.0,,,,
F511,0,0,0,0.0,0.0,0.0,,,,
F512,0,0,0,0.0,0.0,0.0,1.0,0.0,1.0,1.0
F513,0,0,0,0.0,0.0,0.0,1.0,0.0,1.0,1.0
F514,0,0,0,0.0,0.0,0.0,1.0,0.0,1.0,1.0
F515,0,0,0,0.0,0.0,0.0,1.0,0.0,1.0,1.0
F516,0,0,0,0.0,0.0,0.0,1.0,0.0,1.0,1.0
F517,0,0,0,0.0,0.0,0.0,1.0,0.0,1.0,1.0
F518,0,0,0,0.0,0.0,0.0,1.0,0.0,1.0,1.0
F519,0,0,0,0.0,0.0,0.0,1.0,0.0,1.0,1.0
F520,0,0,0,0.0,0.0,0.0,1.0,0.0,1.0,1.0
F521,0,0,0,0.0,0.0,0.0,1.0,0.0,1.0,1.0
F522,0,0,0,0.0,0.0,0.0,1.0,0.0,1.0,1.0
F523,0,0,0,0.0,0.0,0.0,,,,
F524,0,0,0,0.0,0.0,0.0,,,,
F525,0,0,0,0.0,0.0,0.0,,,,
F526,0,0,0,0.0,0.0,0.0,,,,
F527,0,0,0,0.0,0.0,0.0,1.0,0.0,1.0,1.0
F528,0,0,0,0.0,0.0,0.0,1.0,0.0,1.0,1.0
F529,0,0,0,0.0,0.0,0.0,1.0,0.0,1.0,1.0
F530,0,0,0,0.0,0.0,0.0,,,,
F531,0,0,0,0.0,0.0,0.0,,,,
F532,0,0,0,0.0,0.0,0.0,1.0,0.0,1.0,1.0
F533,0,0,0,0.0,0.0,0.0,,,,
F534,0,0,0,0.0,0.0,0.0,1.0,0.0,1.0,1.0
F535,0,0,0,0.0,0.0,0.0,1.0,0.0,1.0,1.0
F536,0,0,0,0.0,0.0,0.0,1.0,0.0,1.0,1.0
F537,0,0,0,0.0,0.0,0.0,1.0,0.0,1.0,1.0
F538,0,0,0,0.0,0.0,0.0,1.0,0.0,1.0,1.0
F539,0,0,0,0.0,0.0,0.0,1.0,0.0,1.0,1.0
F540,0,0,0,0.0,0.0,0.0,1.0,0.0,1.0,1.0
F541,0,0,0,0.0,0.0,0.0,1.0,0.0,1.0,1.0
F542,0,0,0,0.0,0.0,0.0,,,,
F543,0,0,0,0.0,0.0,0.0,1.0,0.0,1.0,1.0
F544,0,0,0,0.0,0.0,0.0,1.0,0.0,1.0,1.0
F545,0,0,0,0.0,0.0,0.0,,,,
F546,0,0,0,0.0,0.0,0.0,,,,
F547,0,0,0,0.0,0.0,0.0,,,,
F548,0,0,0,0.0,0.0,0.0,,,,
F549,0,0,0,0.0,0.0,0.0,1.0,0.0,1.0,1.0
F550,0,0,0,0.0,0.0,0.0,1.0,0.0,1.0,1.0
F551,0,0,0,0.0,0.0,0.0,1.0,0.0,1.0,1.0
F552,0,0,0,0.0,0.0,0.0,1.0,0.0,1.0,1.0
F553,0,0,0,0.0,0.0,0.0,1.0,0.0,1.0,1.0
F554,0,0,0,0.0,0.0,0.0,1.0,0.0,1.0,1.0
F555,0,0,0,0.0,0.0,0.0,,,,
F556,0,0,0,0.0,0.0,0.0,1.0,0.0,1.0,1.0
F557,0,0,0,0.0,0.0,0.0,1.0,0.0,1.0,1.0
F558,0,0,0,0.0,0.0,0.0,1.0,0.0,1.0,1.0
F559,0,0,0,0.0,0.0,0.0,1.0,0.0,1.0,1.0
F560,0,0,0,0.0,0.0,0.0,1.0,0.0,1.0,1.0
F561,0,0,0,0.0,0.0,0.0,1.0,0.0,1.0,1.0
F562,0,0,0,0.0,0.0,0.0,,,,
F563,0,0,0,0.0,0.0,0.0,1.0,0.0,1.0,1.0
F564,0,0,0,0.0,0.0,0.0,,,,
F565,0,0,0,0.0,0.0,0.0,,,,
F566,0,0,0,0.0,0.0,0.0,1.0,0.0,1.0,1.0
F567,0,0,0,0.0,0.0,0.0,1.0,0.0,1.0,1.0
F568,0,0,0,0.0,0.0,0.0,1.0,0.0,1.0,1.0
F569,0,0,0,0.0,0.0,0.0,1.0,0.0,1.0,1.0
F570,0,0,0,0.0,0.0,0.0,1.0,0.0,1.0,1.0
F571,0,0,0,0.0,0.0,0.0,1.0,0.0,1.0,1.0
F572,0,0,0,0.0,0.0,0.0,,,,
F573,0,0,0,0.0,0.0,0.0,1.0,0.0,1.0,1.0
F574,0,0,0,0.0,0.0,0.0,1.0,0.0,1.0,1.0
F575,0,0,0,0.0,0.0,0.0,1.0,0.0,1.0,1.0
F576,0,0,0,0.0,0.0,0.0,1.0,0.0,1.0,1.0
F577,0,0,0,0.0,0.0,0.0,1.0,0.0,1.0,1.0
F578,0,0,0,0.0,0.0,0.0,,,,
F579,0,0,0,0.0,0.0,0.0,,,,
F580,0,0,0,0.0,0.0,0.0,1.0,0.0,1.0,1.0
F581,0,0,0,0.0,0.0,0.0,,,,
F582,0,0,0,0.0,0.0,0.0,,,,
F583,0,0,0,0.0,0.0,0.0,1.0,0.0,1.0,1.0
F584,0,0,0,0.0,0.0,0.0,1.0,0.0,1.0,1.0
F585,0,0,0,0.0,0.0,0.0,,,,
F586,0,0,0,0.0,0.0,0.0,1.0,0.0,1.0,1.0
F587,0,0,0,0.0,0.0,0.0,1.0,0.0,1.0,1.0
F588,0,0,0,0.0,0.0,0.0,,,,
F589,0,0,0,0.0,0.0,0.0,1.0,0.0,1.0,1.0
F590,0,0,0,0.0,0.0,0.0,1.0,0.0,1.0,1.0
F591,0,0,0,0.0,0.0,0.0,1.0,0.0,1.0,1.0
F592,0,0,0,0.0,0.0,0.0,1.0,0.0,1.0,1.0
F593,0,0,0,0.0,0.0,0.0,1.0,0.0,1.0,1.0
F594,0,0,0,0.0,0.0,0.0,1.0,0.0,1.0,1.0
F595,0,0,0,0.0,0.0,0.0,1.0,0.0,1.0,1.0
F596,0,0,0,0.0,0.0,0.0,1.0,0.0,1.0,1.0
F597,0,0,0,0.0,0.0,0.0,1.0,0.0,1.0,1.0
F598,0,0,0,0.0,0.0,0.0,1.0,0.0,1.0,1.0
F599,0,0,0,0.0,0.0,0.0,1.0,0.0,1.0,1.0
F600,0,0,0,0.0,0.0,0.0,1.0,0.0,1.0,1.0
F601,0,0,0,0.0,0.0,0.0,1.0,0.0,1.0,1.0
F602,0,0,0,0.0,0.0,0.0,1.0,0.0,1.0,1.0
F603,0,0,0,0.0,0.0,0.0,,,,
F604,0,0,0,0.0,0.0,0.0,1.0,0.0,1.0,1.0
F605,0,0,0,0.0,0.0,0.0,,,,
F606,0,0,0,0.0,0.0,0.0,,,,
F607,0,0,0,0.0,0.0,0.0,1.0,0.0,1.0,1.0
F608,0,0,0,0.0,0.0,0.0,1.0,0.0,1.0,1.0
F609,0,0,0,0.0,0.0,0.0,1.0,0.0,1.0,1.0
F610,0,0,0,0.0,0.0,0.0,1.0,0.0,1.0,1.0
F611,0,0,0,0.0,0.0,0.0,,,,
F612,0,0,0,0.0,0.0,0.0,1.0,0.0,1.0,1.0
F613,0,0,0,0.0,0.0,0.0,1.0,0.0,1.0,1.0
F614,0,0,0,0.0,0.0,0.0,,,,
F615,0,0,0,0.0,0.0,0.0,1.0,0.0,1.0,1.0
F616,0,0,0,0.0,0.0,0.0,1.0,0.0,1.0,1.0
F617,0,0,0,0.0,0.0,0.0,1.0,0.0,1.0,1.0
F618,0,0,0,0.0,0.0,0.0,1.0,0.0,1.0,1.0
F619,0,0,0,0.0,0.0,0.0,,,,
F620,0,0,0,0.0,0.0,0.0,,,,
F621,0,0,0,0.0,0.0,0.0,1.0,0.0,1.0,1.0
F622,0,0,0,0.0,0.0,0.0,1.0,0.0,1.0,1.0
F623,0,0,0,0.0,0.0,0.0,1.0,0.0,1.0,1.0
F624,0,0,0,0.0,0.0,0.0,1.0,0.0,1.0,1.0
F625,0,0,0,0.0,0.0,0.0,1.0,0.0,1.0,1.0
F626,0,0,0,0.0,0.0,0.0,,,,
F627,0,0,0,0.0,0.0,0.0,,,,
F628,0,0,0,0.0,0.0,0.0,1.0,0.0,1.0,1.0
F629,0,0,0,0.0,0.0,0.0,,,,
F630,0,0,0,0.0,0.0,0.0,1.0,0.0,1.0,1.0
F631,0,0,0,0.0,0.0,0.0,1.0,0.0,1.0,1.0
F632,0,0,0,0.0,0.0,0.0,,,,
F633,0,0,0,0.0,0.0,0.0,1.0,0.0,1.0,1.0
F634,0,0,0,0.0,0.0,0.0,1.0,0.0,1.0,1.0
F635,0,0,0,0.0,0.0,0.0,,,,
F636,0,0,0,0.0,0.0,0.0,,,,
F637,0,0,0,0.0,0.0,0.0,1.0,0.0,1.0,1.0
F638,0,0,0,0.0,0.0,0.0,1.0,0.0,1.0,1.0
F639,0,0,0,0.0,0.0,0.0,,,,
F640,0,0,0,0.0,0.0,0.0,1.0,0.0,1.0,1.0
F641,0,0,0,0.0,0.0,0.0,1.0,0.0,1.0,1.0
F642,0,0,0,0.0,0.0,0.0,,,,
F643,0,0,0,0.0,0.0,0.0,,,,
F644,0,0,0,0.0,0.0,0.0,1.0,0.0,1.0,1.0
F645,0,0,0,0.0,0.0,0.0,1.0,0.0,1.0,1.0
F646,0,0,0,0.0,0.0,0.0,1.0,0.0,1.0,1.0
F647,0,0,0,0.0,0.0,0.0,1.0,0.0,1.0,1.0
F648,0,0,0,0.0,0.0,0.0,,,,
F649,0,0,0,0.0,0.0,0.0,1.0,0.0,1.0,1.0
F650,0,0,0,0.0,0.0,0.0,1.0,0.0,1.0,1.0
F651,0,0,0,0.0,0.0,0.0,1.0,0.0,1.0,1.0
F652,0,0,0,0.0,0.0,0.0,,,,
F653,0,0,0,0.0,0.0,0.0,1.0,0.0,1.0,1.0
F654,0,0,0,0.0,0.0,0.0,,,,
F655,0,0,0,0.0,0.0,0.0,,,,
F656,0,0,0,0.0,0.0,0.0,1.0,0.0,1.0,1.0
F657,0,0,0,0.0,0.0,0.0,1.0,0.0,1.0,1.0
F658,0,0,0,0.0,0.0,0.0,,,,
F659,0,0,0,0.0,0.0,0.0,1.0,0.0,1.0,1.0
F660,0,0,0,0.0,0.0,0.0,1.0,0.0,1.0,1.0
F661,0,0,0,0.0,0.0,0.0,1.0,0.0,1.0,1.0
F662,0,0,0,0.0,0.0,0.0,1.0,0.0,1.0,1.0
F663,0,0,0,0.0,0.0,0.0,,,,
F664,0,0,0,0.0,0.0,0.0,1.0,0.0,1.0,1.0
F665,0,0,0,0.0,0.0,0.0,,,,
F666,0,0,0,0.0,0.0,0.0,1.0,0.0,1.0,1.0
F667,0,0,0,0.0,0.0,0.0,1.0,0.0,1.0,1.0
F668,0,0,0,0.0,0.0,0.0,1.0,0.0,1.0,1.0
F669,0,0,0,0.0,0.0,0.0,1.0,0.0,1.0,1.0
F670,0,0,0,0.0,0.0,0.0,1.0,0.0,1.0,1.0
F671,0,0,0,0.0,0.0,0.0,1.0,0.0,1.0,1.0
F672,0,0,0,0.0,0.0,0.0,1.0,0.0,1.0,1.0
F673,0,0,0,0.0,0.0,0.0,1.0,0.0,1.0,1.0
F674,0,0,0,0.0,0.0,0.0,1.0,0.0,1.0,1.0
F675,0,0,0,0.0,0.0,0.0,1.0,0.0,1.0,1.0
F676,0,0,0,0.0,0.0,0.0,,,,
F677,0,0,0,0.0,0.0,0.0,,,,
F678,0,0,0,0.0,0.0,0.0,,,,
F679,0,0,0,0.0,0.0,0.0,1.0,0.0,1.0,1.0
F680,0,0,0,0.0,0.0,0.0,1.0,0.0,1.0,1.0
F681,0,0,0,0.0,0.0,0.0,1.0,0.0,1.0,1.0
F682,0,0,0,0.0,0.0,0.0,,,,
F683,0,0,0,0.0,0.0,0.0,1.0,0.0,1.0,1.0
F684,0,0,0,0.0,0.0,0.0,1.0,0.0,1.0,1.0
F685,0,0,0,0.0,0.0,0.0,,,,
F686,0,0,0,0.0,0.0,0.0,,,,
F687,0,0,0,0.0,0.0,0.0,1.0,0.0,1.0,1.0
F688,0,0,0,0.0,0.0,0.0,,,,
F689,0,0,0,0.0,0.0,0.0,,,,
F690,0,0,0,0.0,0.0,0.0,,,,
F691,0,0,0,0.0,0.0,0.0,1.0,0.0,1.0,1.0
F692,0,0,0,0.0,0.0,0.0,1.0,0.0,1.0,1.0
F693,0,0,0,0.0,0.0,0.0,1.0,0.0,1.0,1.0
F694,0,0,0,0.0,0.0,0.0,,,,
F695,0,0,0,0.0,0.0,0.0,1.0,0.0,1.0,1.0
F696,0,0,0,0.0,0.0,0.0,1.0,0.0,1.0,1.0
F697,0,0,0,0.0,0.0,0.0,1.0,0.0,1.0,1.0
F698,0,0,0,0.0,0.0,0.0,1.0,0.0,1.0,1.0
F699,0,0,0,0.0,0.0,0.0,1.0,0.0,1.0,1.0
F700,0,0,0,0.0,0.0,0.0,,,,
F701,0,0,0,0.0,0.0,0.0,1.0,0.0,1.0,1.0
F702,0,0,0,0.0,0.0,0.0,1.0,0.0,1.0,1.0
F703,0,0,0,0.0,0.0,0.0,,,,
F704,0,0,0,0.0,0.0,0.0,1.0,0.0,1.0,1.0
F705,0,0,0,0.0,0.0,0.0,1.0,0.0,1.0,1.0
F706,0,0,0,0.0,0.0,0.0,1.0,0.0,1.0,1.0
F707,0,0,0,0.0,0.0,0.0,1.0,0.0,1.0,1.0
F708,0,0,0,0.0,0.0,0.0,1.0,0.0,1.0,1.0
F709,0,0,0,0.0,0.0,0.0,1.0,0.0,1.0,1.0
F710,0,0,0,0.0,0.0,0.0,1.0,0.0,1.0,1.0
F711,0,0,0,0.0,0.0,0.0,1.0,0.0,1.0,1.0
F712,0,0,0,0.0,0.0,0.0,1.0,0.0,1.0,1.0
F713,0,0,0,0.0,0.0,0.0,1.0,0.0,1.0,1.0
F714,0,0,0,0.0,0.0,0.0,1.0,0.0,1.0,1.0
F715,0,0,0,0.0,0.0,0.0,1.0,0.0,1.0,1.0
F716,0,0,0,0.0,0.0,0.0,1.0,0.0,1.0,1.0
F717,0,0,0,0.0,0.0,0.0,1.0,0.0,1.0,1.0
F718,0,0,0,0.0,0.0,0.0,1.0,0.0,1.0,1.0
F719,0,0,0,0.0,0.0,0.0,,,,
F720,0,0,0,0.0,0.0,0.0,1.0,0.0,1.0,1.0
F721,0,0,0,0.0,0.0,0.0,,,,
F722,0,0,0,0.0,0.0,0.0,1.0,0.0,1.0,1.0
F723,0,0,0,0.0,0.0,0.0,1.0,0.0,1.0,1.0
F724,0,0,0,0.0,0.0,0.0,1.0,0.0,1.0,1.0
F725,0,0,0,0.0,0.0,0.0,1.0,0.0,1.0,1.0
F726,0,0,0,0.0,0.0,0.0,1.0,0.0,1.0,1.0
F727,0,0,0,0.0,0.0,0.0,1.0,0.0,1.0,1.0
F728,0,0,0,0.0,0.0,0.0,1.0,0.0,1.0,1.0
F729,0,0,0,0.0,0.0,0.0,,,,
F730,0,0,0,0.0,0.0,0.0,,,,
F731,0,0,0,0.0,0.0,0.0,,,,
F732,0,0,0,0.0,0.0,0.0,,,,
F733,0,0,0,0.0,0.0,0.0,1.0,0.0,1.0,1.0
F734,0,0,0,0.0,0.0,0.0,1.0,0.0,1.0,1.0
F735,0,0,0,0.0,0.0,0.0,1.0,0.0,1.0,1.0
F736,0,0,0,0.0,0.0,0.0,1.0,0.0,1.0,1.0
F737,0,0,0,0.0,0.0,0.0,1.0,0.0,1.0,1.0
F738,0,0,0,0.0,0.0,0.0,1.0,0.0,1.0,1.0
F739,0,0,0,0.0,0.0,0.0,1.0,0.0,1.0,1.0
F740,0,0,0,0.0,0.0,0.0,1.0,0.0,1.0,1.0
F741,0,0,0,0.0,0.0,0.0,,,,
F742,0,0,0,0.0,0.0,0.0,,,,
F743,0,0,0,0.0,0.0,0.0,,,,
F744,0,0,0,0.0,0.0,0.0,1.0,0.0,1.0,1.0
F745,0,0,0,0.0,0.0,0.0,1.0,0.0,1.0,1.0
F746,0,0,0,0.0,0.0,0.0,1.0,0.0,1.0,1.0
F747,0,0,0,0.0,0.0,0.0,1.0,0.0,1.0,1.0
F748,0,0,0,0.0,0.0,0.0,1.0,0.0,1.0,1.0
F749,0,0,0,0.0,0.0,0.0,1.0,0.0,1.0,1.0
F750,0,0,0,0.0,0.0,0.0,,,,
F751,0,0,0,0.0,0.0,0.0,1.0,0.0,1.0,1.0
F752,0,0,0,0.0,0.0,0.0,,,,
F753,0,0,0,0.0,0.0,0.0,1.0,0.0,1.0,1.0
F754,0,0,0,0.0,0.0,0.0,1.0,0.0,1.0,1.0
F755,0,0,0,0.0,0.0,0.0,,,,
F756,0,0,0,0.0,0.0,0.0,1.0,0.0,1.0,1.0
F757,0,0,0,0.0,0.0,0.0,1.0,0.0,1.0,1.0
F758,0,0,0,0.0,0.0,0.0,1.0,0.0,1.0,1.0
F759,0,0,0,0.0,0.0,0.0,1.0,0.0,1.0,1.0
F760,0,0,0,0.0,0.0,0.0,1.0,0.0,1.0,1.0
F761,0,0,0,0.0,0.0,0.0,,,,
F762,0,0,0,0.0,0.0,0.0,1.0,0.0,1.0,1.0
F763,0,0,0,0.0,0.0,0.0,1.0,0.0,1.0,1.0
F764,0,0,0,0.0,0.0,0.0,,,,
F765,0,0,0,0.0,0.0,0.0,,,,
F766,0,0,0,0.0,0.0,0.0,1.0,0.0,1.0,1.0
F767,0,0,0,0.0,0.0,0.0,1.0,0.0,1.0,1.0
F768,0,0,0,0.0,0.0,0.0,1.0,0.0,1.0,1.0
F769,0,0,0,0.0,0.0,0.0,,,,
F770,0,0,0,0.0,0.0,0.0,1.0,0.0,1.0,1.0
F771,0,0,0,0.0,0.0,0.0,1.0,0.0,1.0,1.0
F772,0,0,0,0.0,0.0,0.0,1.0,0.0,1.0,1.0
F773,0,0,0,0.0,0.0,0.0,,,,
F774,0,0,0,0.0,0.0,0.0,1.0,0.0,1.0,1.0
F775,0,0,0,0.0,0.0,0.0,1.0,0.0,1.0,1.0
F776,0,0,0,0.0,0.0,0.0,1.0,0.0,1.0,1.0
F777,0,0,0,0.0,0.0,0.0,,,,
F778,0,0,0,0.0,0.0,0.0,1.0,0.0,1.0,1.0
F779,0,0,0,0.0,0.0,0.0,1.0,0.0,1.0,1.0
F780,0,0,0,0.0,0.0,0.0,,,,
F781,0,0,0,0.0,0.0,0.0,,,,
F782,0,0,0,0.0,0.0,0.0,1.0,0.0,1.0,1.0
F783,0,0,0,0.0,0.0,0.0,1.0,0.0,1.0,1.0
F784,0,0,0,0.0,0.0,0.0,,,,
F785,0,0,0,0.0,0.0,0.0,1.0,0.0,1.0,1.0
F786,0,0,0,0.0,0.0,0.0,1.0,0.0,1.0,1.0
F787,0,0,0,0.0,0.0,0.0,1.0,0.0,1.0,1.0
F788,0,0,0,0.0,0.0,0.0,1.0,0.0,1.0,1.0
F789,0,0,0,0.0,0.0,0.0,1.0,0.0,1.0,1.0
F790,0,0,0,0.0,0.0,0.0,1.0,0.0,1.0,1.0
F791,0,0,0,0.0,0.0,0.0,,,,
F792,0,0,0,0.0,0.0,0.0,,,,
F793,0,0,0,0.0,0.0,0.0,,,,
F794,0,0,0,0.0,0.0,0.0,,,,
F795,0,0,0,0.0,0.0,0.0,1.0,0.0,1.0,1.0
F796,0,0,0,0.0,0.0,0.0,,,,
F797,0,0,0,0.0,0.0,0.0,,,,
F798,0,0,0,0.0,0.0,0.0,1.0,0.0,1.0,1.0
F799,0,0,0,0.0,0.0,0.0,1.0,0.0,1.0,1.0
F800,0,0,0,0.0,0.0,0.0,1.0,0.0,1.0,1.0
F801,0,0,0,0.0,0.0,0.0,1.0,0.0,1.0,1.0
F802,0,0,0,0.0,0.0,0.0,,,,
F803,0,0,0,0.0,0.0,0.0,,,,
F804,0,0,0,0.0,0.0,0.0,1.0,0.0,1.0,1.0
F805,0,0,0,0.0,0.0,0.0,,,,
F806,0,0,0,0.0,0.0,0.0,1.0,0.0,1.0,1.0
F807,0,0,0,0.0,0.0,0.0,1.0,0.0,1.0,1.0
F808,0,0,0,0.0,0.0,0.0,,,,
F809,0,0,0,0.0,0.0,0.0,,,,
F810,0,0,0,0.0,0.0,0.0,,,,
F811,0,0,0,0.0,0.0,0.0,1.0,0.0,1.0,1.0
F812,0,0,0,0.0,0.0,0.0,1.0,0.0,1.0,1.0
F813,0,0,0,0.0,0.0,0.0,1.0,0.0,1.0,1.0
F814,0,0,0,0.0,0.0,0.0,1.0,0.0,1.0,1.0
F815,0,0,0,0.0,0.0,0.0,,,,
F816,0,0,0,0.0,0.0,0.0,1.0,0.0,1.0,1.0
F817,0,0,0,0.0,0.0,0.0,,,,
F818,0,0,0,0.0,0.0,0.0,,,,
F819,0,0,0,0.0,0.0,0.0,1.0,0.0,1.0,1.0
F820,0,0,0,0.0,0.0,0.0,1.0,0.0,1.0,1.0
F821,0,0,0,0.0,0.0,0.0,,,,
F822,0,0,0,0.0,0.0,0.0,1.0,0.0,1.0,1.0
F823,0,0,0,0.0,0.0,0.0,,,,
F824,0,0,0,0.0,0.0,0.0,,,,
F825,0,0,0,0.0,0.0,0.0,1.0,0.0,1.0,1.0
F826,0,0,0,0.0,0.0,0.0,1.0,0.0,1.0,1.0
F827,0,0,0,0.0,0.0,0.0,1.0,0.0,1.0,1.0
F828,0,0,0,0.0,0.0,0.0,,,,
F829,0,0,0,0.0,0.0,0.0,1.0,0.0,1.0,1.0
F830,0,0,0,0.0,0.0,0.0,1.0,0.0,1.0,1.0
F831,0,0,0,0.0,0.0,0.0,,,,
F832,0,0,0,0.0,0.0,0.0,1.0,0.0,1.0,1.0
F833,0,0,0,0.0,0.0,0.0,1.0,0.0,1.0,1.0
F834,0,0,0,0.0,0.0,0.0,1.0,0.0,1.0,1.0
F835,0,0,0,0.0,0.0,0.0,1.0,0.0,1.0,1.0
F836,0,0,0,0.0,0.0,0.0,,,,
F837,0,0,0,0.0,0.0,0.0,1.0,0.0,1.0,1.0
F838,0,0,0,0.0,0.0,0.0,1.0,0.0,1.0,1.0
F839,0,0,0,0.0,0.0,0.0,1.0,0.0,1.0,1.0
F840,0,0,0,0.0,0.0,0.0,1.0,0.0,1.0,1.0
F841,0,0,0,0.0,0.0,0.0,1.0,0.0,1.0,1.0
F842,0,0,0,0.0,0.0,0.0,1.0,0.0,1.0,1.0
F843,0,0,0,0.0,0.0,0.0,1.0,0.0,1.0,1.0
F844,0,0,0,0.0,0.0,0.0,1.0,0.0,1.0,1.0
F845,0,0,0,0.0,0.0,0.0,1.0,0.0,1.0,1.0
F846,0,0,0,0.0,0.0,0.0,1.0,0.0,1.0,1.0
F847,0,0,0,0.0,0.0,0.0,,,,
F848,0,0,0,0.0,0.0,0.0,1.0,0.0,1.0,1.0
F849,0,0,0,0.0,0.0,0.0,1.0,0.0,1.0,1.0
F850,0,0,0,0.0,0.0,0.0,1.0,0.0,1.0,1.0
F851,0,0,0,0.0,0.0,0.0,,,,
F852,0,0,0,0.0,0.0,0.0,1.0,0.0,1.0,1.0
F853,0,0,0,0.0,0.0,0.0,1.0,0.0,1.0,1.0
F854,0,0,0,0.0,0.0,0.0,,,,
F855,0,0,0,0.0,0.0,0.0,,,,
F856,0,0,0,0.0,0.0,0.0,1.0,0.0,1.0,1.0
F857,0,0,0,0.0,0.0,0.0,1.0,0.0,1.0,1.0
F858,0,0,0,0.0,0.0,0.0,1.0,0.0,1.0,1.0
F859,0,0,0,0.0,0.0,0.0,1.0,0.0,1.0,1.0
F860,0,0,0,0.0,0.0,0.0,1.0,0.0,1.0,1.0
F861,0,0,0,0.0,0.0,0.0,,,,
F862,0,0,0,0.0,0.0,0.0,,,,
F863,0,0,0,0.0,0.0,0.0,1.0,0.0,1.0,1.0
F864,0,0,0,0.0,0.0,0.0,1.0,0.0,1.0,1.0
F865,0,0,0,0.0,0.0,0.0,1.0,0.0,1.0,1.0
F866,0,0,0,0.0,0.0,0.0,1.0,0.0,1.0,1.0
F867,0,0,0,0.0,0.0,0.0,1.0,0.0,1.0,1.0
F868,0,0,0,0.0,0.0,0.0,,,,
F869,0,0,0,0.0,0.0,0.0,,,,
F870,0,0,0,0.0,0.0,0.0,1.0,0.0,1.0,1.0
F871,0,0,0,0.0,0.0,0.0,1.0,0.0,1.0,1.0
F872,0,0,0,0.0,0.0,0.0,1.0,0.0,1.0,1.0
F873,0,0,0,0.0,0.0,0.0,1.0,0.0,1.0,1.0
F874,0,0,0,0.0,0.0,0.0,1.0,0.0,1.0,1.0
F875,0,0,0,0.0,0.0,0.0,1.0,0.0,1.0,1.0
F876,0,0,0,0.0,0.0,0.0,1.0,0.0,1.0,1.0
F877,0,0,0,0.0,0.0,0.0,1.0,0.0,1.0,1.0
F878,0,0,0,0.0,0.0,0.0,1.0,0.0,1.0,1.0
F879,0,0,0,0.0,0.0,0.0,1.0,0.0,1.0,1.0
F880,0,0,0,0.0,0.0,0.0,1.0,0.0,1.0,1.0
F881,0,0,0,0.0,0.0,0.0,1.0,0.0,1.0,1.0
F882,0,0,0,0.0,0.0,0.0,1.0,0.0,1.0,1.0
F883,0,0,0,0.0,0.0,0.0,1.0,0.0,1.0,1.0
F884,0,0,0,0.0,0.0,0.0,1.0,0.0,1.0,1.0
F885,0,0,0,0.0,0.0,0.0,1.0,0.0,1.0,1.0
F886,0,0,0,0.0,0.0,0.0,1.0,0.0,1.0,1.0
F887,0,0,0,0.0,0.0,0.0,1.0,0.0,1.0,1.0
F888,0,0,0,0.0,0.0,0.0,1.0,0.0,1.0,1.0
F889,0,0,0,0.0,0.0,0.0,1.0,0.0,1.0,1.0
F890,0,0,0,0.0,0.0,0.0,,,,
F891,0,0,0,0.0,0.0,0.0,1.0,0.0,1.0,1.0
F892,0,0,0,0.0,0.0,0.0,,,,
F893,0,0,0,0.0,0.0,0.0,1.0,0.0,1.0,1.0
F894,0,0,0,0.0,0.0,0.0,1.0,0.0,1.0,1.0
F895,0,0,0,0.0,0.0,0.0,1.0,0.0,1.0,1.0
F896,0,0,0,0.0,0.0,0.0,1.0,0.0,1.0,1.0
F897,0,0,0,0.0,0.0,0.0,1.0,0.0,1.0,1.0
F898,0,0,0,0.0,0.0,0.0,1.0,0.0,1.0,1.0
F899,0,0,0,0.0,0.0,0.0,1.0,0.0,1.0,1.0
F900,0,0,0,0.0,0.0,0.0,1.0,0.0,1.0,1.0
F901,0,0,0,0.0,0.0,0.0,1.0,0.0,1.0,1.0
F902,0,0,0,0.0,0.0,0.0,1.0,0.0,1.0,1.0
F903,0,0,0,0.0,0.0,0.0,1.0,0.0,1.0,1.0
F904,0,0,0,0.0,0.0,0.0,,,,
F905,0,0,0,0.0,0.0,0.0,1.0,0.0,1.0,1.0
F906,0,0,0,0.0,0.0,0.0,1.0,0.0,1.0,1.0
F907,0,0,0,0.0,0.0,0.0,1.0,0.0,1.0,1.0
F908,0,0,0,0.0,0.0,0.0,1.0,0.0,1.0,1.0
F909,0,0,0,0.0,0.0,0.0,1.0,0.0,1.0,1.0
F910,0,0,0,0.0,0.0,0.0,1.0,0.0,1.0,1.0
F911,0,0,0,0.0,0.0,0.0,1.0,0.0,1.0,1.0
